chr42	9411197	9411200	C	rs376129767
chr42	9411201	9411204	T	rs1370531971
chr42	9411205	9411208	G	rs1321780858
chr42	9411209	9411212	G	rs1316595271
chr42	9411213	9411216	C	rs1393520178
chr42	9411217	9411220	C	rs1351680335
chr42	9411221	9411224	A	rs1456505548
chr42	9411231	9411234	T	rs1397715071
chr42	9411232	9411235	G	rs1297965103
chr42	9411234	9411237	A	rs922165264
chr42	9411236	9411239	G	rs1397368142
chr42	9411237	9411240	A	rs559462325
chr42	9411239	9411242	A	rs1174983311
chr42	9411240	9411243	A	rs531773366
chr42	9411241	9411244	C	rs191612142
chr42	9411243	9411246	A	rs181691356
chr42	9411243	9411246	T	rs181691356
chr42	9411246	9411249	T	rs1412016291
chr42	9411246	9411250	G	rs975654586
chr42	9411247	9411250	A	rs922844075
chr42	9411250	9411253	A	rs934028349
chr42	9411252	9411255	G	rs186126309
chr42	9411258	9411261	G	rs1204159676
chr42	9411258	9411261	T	rs1204159676
chr42	9411262	9411265	T	rs548263598
chr42	9411264	9411267	A	rs1235155318
chr42	9411265	9411268	A	rs561987868
chr42	9411266	9411269	T	rs1286875378
chr42	9411273	9411276	C	rs1350348343
chr42	9411274	9411277	T	rs1241490939
chr42	9411276	9411287	AG	rs1229401566
chr42	9411277	9411280	A	rs1047048376
chr42	9411278	9411281	T	rs1292728344
chr42	9411279	9411282	C	rs1257306933
chr42	9411285	9411288	C	rs1408321028
chr42	9411288	9411291	C	rs1377832874
chr42	9411290	9411293	A	rs1319391833
chr42	9411294	9411297	A	rs1220255048
chr42	9411294	9411297	T	rs1220255048
chr42	9411296	9411299	A	rs1274873724
chr42	9411296	9411299	C	rs1274873724
chr42	9411297	9411300	G	rs1276805731
chr42	9411300	9411303	T	rs531010746
chr42	9411301	9411304	G	rs369381659
chr42	9411306	9411309	C	rs1179675940
chr42	9411311	9411314	A	rs550852792
chr42	9411313	9411316	A	rs1473041235
chr42	9411316	9411319	T	rs373567667
chr42	9411318	9411320	A	rs1411594174
chr42	9411318	9411321	C	rs1259553853
chr42	9411322	9411325	T	rs1211566574
chr42	9411325	9411328	G	rs75025155
chr42	9411325	9411328	T	rs75025155
chr42	9411327	9411330	G	rs1163036709
chr42	9411328	9411331	A	rs1371341126
chr42	9411328	9411331	C	rs1371341126
chr42	9411329	9411332	A	rs1431880372
chr42	9411330	9411333	T	rs571137411
chr42	9411332	9411335	A	rs1370335319
chr42	9411333	9411336	A	rs1357814740
chr42	9411334	9411337	G	rs1294258268
chr42	9411338	9411341	C	rs1449294470
chr42	9411338	9411341	G	rs1449294470
chr42	9411339	9411342	C	rs1331639427
chr42	9411343	9411346	C	rs1286447655
chr42	9411344	9411347	A	rs908501451
chr42	9411344	9411347	T	rs908501451
chr42	9411345	9411348	C	rs539713234
chr42	9411346	9411349	T	rs1157890673
chr42	9411347	9411350	A	rs1455295117
chr42	9411348	9411351	T	rs1297712291
chr42	9411349	9411352	G	rs1188381166
chr42	9411352	9411355	G	rs1343772820
chr42	9411354	9411357	A	rs552178335
chr42	9411355	9411358	T	rs1235603898
chr42	9411356	9411359	T	rs565663130
chr42	9411358	9411361	G	rs1202579286
chr42	9411360	9411363	A	rs1447609039
chr42	9411363	9411366	C	rs1247470267
chr42	9411363	9411366	T	rs1247470267
chr42	9411366	9411369	A	rs1273540435
chr42	9411366	9411369	G	rs1273540435
chr42	9411369	9411372	A	rs1442763015
chr42	9411371	9411374	T	rs1274260302
chr42	9411374	9411377	T	rs1228048728
chr42	9411375	9411378	A	rs1038428314
chr42	9411375	9411378	T	rs1038428314
chr42	9411377	9411380	G	rs899015018
chr42	9411378	9411381		rs1432311608
chr42	9411379	9411382	C	rs534748710
chr42	9411379	9411382	T	rs534748710
chr42	9411380	9411383	A	rs1432530926
chr42	9411382	9411385	A	rs554702871
chr42	9411382	9411385	T	rs554702871
chr42	9411391	9411394	A	rs1390875217
chr42	9411391	9411394	T	rs1390875217
chr42	9411392	9411395	T	rs1451483460
chr42	9411396	9411399	G	rs1166936760
chr42	9411398	9411401	G	rs1419138673
chr42	9411402	9411405	C	rs1169629308
chr42	9411403	9411406	A	rs1415374133
chr42	9411406	9411409	G	rs1336592929
chr42	9411407	9411410	C	rs574538436
chr42	9411408	9411411	T	rs78200054
chr42	9411409	9411412	A	rs1481606983
chr42	9411409	9411412	T	rs1481606983
chr42	9411411	9411414	A	rs556843533
chr42	9411412	9411415	C	rs1452552830
chr42	9411414	9411417	T	rs1321883898
chr42	9411415	9411418	T	rs577092188
chr42	9411418	9411421	G	rs1450182976
chr42	9411420	9411423	T	rs1225609878
chr42	9411423	9411426	C	rs1275523202
chr42	9411432	9411435	A	rs1296372203
chr42	9411434	9411437	A	rs1215708918
chr42	9411435	9411438	T	rs1345314609
chr42	9411437	9411443	TTT	rs773113204
chr42	9411439	9411442	G	rs545759795
chr42	9411441	9411444		rs1276257355
chr42	9411442	9411445	A	rs866320379
chr42	9411442	9411445	C	rs866320379
chr42	9411442	9411445	T	rs866320379
chr42	9411444	9411447	T	rs559733149
chr42	9411445	9411448	G	rs1249887195
chr42	9411446	9411449	A	rs1200819956
chr42	9411447	9411450	A	rs572893903
chr42	9411447	9411450	C	rs572893903
chr42	9411447	9411450	T	rs572893903
chr42	9411450	9411453	A	rs1389415591
chr42	9411453	9411456	G	rs541773326
chr42	9411453	9411456	T	rs541773326
chr42	9411454	9411457	G	rs1395943474
chr42	9411457	9411460	G	rs374503270
chr42	9411459	9411462	C	rs1012072127
chr42	9411460	9411463	C	rs1477143672
chr42	9411461	9411464	C	rs1241703811
chr42	9411467	9411470	T	rs1478492641
chr42	9411468	9411471	A	rs1174609150
chr42	9411468	9411471	G	rs1174609150
chr42	9411469	9411472	C	rs1273063621
chr42	9411474	9411477	G	rs561854485
chr42	9411474	9411477	T	rs561854485
chr42	9411478	9411481	T	rs1301323079
chr42	9411479	9411482	T	rs1423499766
chr42	9411480	9411483	A	rs866227895
chr42	9411480	9411483	C	rs866227895
chr42	9411482	9411485	G	rs1160522016
chr42	9411483	9411486	A	rs530875554
chr42	9411483	9411486	T	rs530875554
chr42	9411484	9411487	A	rs551173763
chr42	9411484	9411487	T	rs551173763
chr42	9411484	9411491	CT	rs1369907063
chr42	9411489	9411492	A	rs1317043131
chr42	9411489	9411492	T	rs1317043131
chr42	9411490	9411493	A	rs1331263043
chr42	9411492	9411495	T	rs377321033
chr42	9411495	9411498	C	rs564500555
chr42	9411495	9411498	G	rs564500555
chr42	9411498	9411501	A	rs71235073
chr42	9411498	9411501	T	rs71235073
chr42	9411499	9411502	C	rs546967725
chr42	9411505	9411511	AAAAA	rs1228833093
chr42	9411509	9411512	G	rs1269909871
chr42	9411510	9411513	A	rs1327038851
chr42	9411512	9411515	A	rs941424117
chr42	9411513	9411516	A	rs1206847833
chr42	9411514	9411517	G	rs1472443664
chr42	9411518	9411521	A	rs1250040171
chr42	9411530	9411533	C	rs1261146100
chr42	9411531	9411534	A	rs1452323419
chr42	9411531	9411534	C	rs1452323419
chr42	9411531	9411534	T	rs1452323419
chr42	9411532	9411535	T	rs1208747391
chr42	9411538	9411541	A	rs1201265856
chr42	9411538	9411541	T	rs1201265856
chr42	9411539	9411542	G	rs1245248710
chr42	9411540	9411543	A	rs565724621
chr42	9411541	9411544	C	rs1349697764
chr42	9411542	9411545	C	rs1183389852
chr42	9411542	9411545	T	rs1183389852
chr42	9411543	9411546	C	rs1379783093
chr42	9411544	9411547	C	rs1302345982
chr42	9411546	9411549	A	rs1414766586
chr42	9411550	9411553	A	rs1456121552
chr42	9411550	9411553	T	rs1456121552
chr42	9411551	9411554	A	rs534606585
chr42	9411552	9411555	A	rs548169090
chr42	9411553	9411558	CC	rs1410299553
chr42	9411554	9411557	T	rs1167534179
chr42	9411555	9411558	T	rs1390825786
chr42	9411556	9411559	A	rs1255992026
chr42	9411557	9411560	G	rs568178160
chr42	9411558	9411561	C	rs1481960167
chr42	9411560	9411563	A	rs1321154138
chr42	9411564	9411567	T	rs1243323642
chr42	9411565	9411568	T	rs1209008324
chr42	9411570	9411573	A	rs1328038621
chr42	9411570	9411573	T	rs1328038621
chr42	9411571	9411574	T	rs1344525109
chr42	9411572	9411575	T	rs1410162925
chr42	9411573	9411576	T	rs1322257968
chr42	9411575	9411578	T	rs536719616
chr42	9411577	9411580	A	rs1290011937
chr42	9411577	9411580	C	rs1290011937
chr42	9411577	9411580	G	rs1290011937
chr42	9411579	9411582		rs1348492148
chr42	9411579	9411582	T	rs1364226587
chr42	9411580	9411583	G	rs1321299039
chr42	9411581	9411584	T	rs1238235513
chr42	9411585	9411588	C	rs1266021364
chr42	9411586	9411589	C	rs1434718839
chr42	9411588	9411591	G	rs1003248645
chr42	9411593	9411596	A	rs1386655412
chr42	9411594	9411597	G	rs1167559395
chr42	9411595	9411598	T	rs1357113923
chr42	9411597	9411600	G	rs1211752196
chr42	9411599	9411602	C	rs557151743
chr42	9411599	9411609	TTGTCTATTGTCTAT	rs71220654
chr42	9411600	9411603	C	rs78586126
chr42	9411601	9411604	A	rs1206237672
chr42	9411601	9411604	C	rs1206237672
chr42	9411601	9411604	T	rs1206237672
chr42	9411603	9411606	A	rs1188621689
chr42	9411603	9411606	G	rs1188621689
chr42	9411605	9411608	C	rs539763752
chr42	9411606	9411609	C	rs1471855568
chr42	9411606	9411609	G	rs1471855568
chr42	9411607	9411610	A	rs76676778
chr42	9411607	9411610	CGTCTATT	rs71220654
chr42	9411607	9411610	T	rs76676778
chr42	9411610	9411613	A	rs1277512004
chr42	9411611	9411614	A	rs1298442334
chr42	9411611	9411614	T	rs1298442334
chr42	9411612	9411615	T	rs1363328399
chr42	9411613	9411616	A	rs868435147
chr42	9411615	9411618	G	rs370592152
chr42	9411616	9411619	T	rs141221894
chr42	9411617	9411620	T	rs1390515755
chr42	9411618	9411621	G	rs1364515522
chr42	9411622	9411625	G	rs1464027244
chr42	9411624	9411627	G	rs1430018954
chr42	9411624	9411627	T	rs1430018954
chr42	9411629	9411632	G	rs1309553067
chr42	9411630	9411633	A	rs1368454885
chr42	9411630	9411633	C	rs1368454885
chr42	9411633	9411636	T	rs374207079
chr42	9411637	9411640	C	rs1433410996
chr42	9411641	9411644	A	rs1313305714
chr42	9411641	9411644	T	rs1313305714
chr42	9411642	9411645	T	rs1342227258
chr42	9411643	9411646	G	rs71235074
chr42	9411646	9411649	A	rs1483998060
chr42	9411648	9411651	G	rs1275219730
chr42	9411659	9411662	C	rs1204554046
chr42	9411662	9411665	T	rs1313024411
chr42	9411663	9411666	T	rs1358909233
chr42	9411665	9411668	T	rs1305681003
chr42	9411666	9411669	C	rs1234324829
chr42	9411667	9411670	A	rs1206129320
chr42	9411670	9411673	G	rs1277110263
chr42	9411673	9411676	A	rs1031085139
chr42	9411673	9411676	C	rs1031085139
chr42	9411677	9411680	G	rs1195632347
chr42	9411678	9411681	G	rs1257436287
chr42	9411678	9411681	T	rs1257436287
chr42	9411687	9411690	A	rs541834812
chr42	9411688	9411691	C	rs1444657910
chr42	9411688	9411691	T	rs1444657910
chr42	9411689	9411692	T	rs1182555498
chr42	9411690	9411693	A	rs1368243335
chr42	9411692	9411695	C	rs1173811778
chr42	9411693	9411696	A	rs1384080894
chr42	9411694	9411697	A	rs1466244481
chr42	9411699	9411702	C	rs1376650248
chr42	9411700	9411703	A	rs1196520876
chr42	9411701	9411704	C	rs1449603271
chr42	9411703	9411706	T	rs1252246030
chr42	9411708	9411711	A	rs555311353
chr42	9411711	9411714	C	rs1482030037
chr42	9411718	9411721	A	rs1387981498
chr42	9411718	9411721	G	rs1387981498
chr42	9411723	9411726	T	rs1461260036
chr42	9411730	9411733	G	rs370856873
chr42	9411734	9411737	T	rs1404186749
chr42	9411735	9411738	A	rs1254441610
chr42	9411738	9411741	A	rs868573951
chr42	9411738	9411741	C	rs868573951
chr42	9411739	9411742	A	rs1288115459
chr42	9411743	9411746	A	rs1336075078
chr42	9411751	9411754	T	rs1408603850
chr42	9411752	9411755	A	rs1357855239
chr42	9411757	9411760	A	rs575359680
chr42	9411757	9411760	C	rs575359680
chr42	9411758	9411761	A	rs1401085701
chr42	9411759	9411762	G	rs1229296072
chr42	9411761	9411764	A	rs867282455
chr42	9411762	9411765	T	rs1306018268
chr42	9411766	9411769	C	rs1227089946
chr42	9411768	9411771	C	rs956364756
chr42	9411771	9411774	T	rs867796868
chr42	9411772	9411775	A	rs1347676129
chr42	9411773	9411776	T	rs1011085603
chr42	9411774	9411777	A	rs1202326276
chr42	9411777	9411780	A	rs1243120197
chr42	9411782	9411785	T	rs370917197
chr42	9411783	9411786	A	rs71235075
chr42	9411783	9411786	T	rs71235075
chr42	9411787	9411790	C	rs1022021855
chr42	9411789	9411792	A	rs1359117729
chr42	9411791	9411794	A	rs564742686
chr42	9411791	9411794	C	rs564742686
chr42	9411792	9411795	T	rs1244675027
chr42	9411795	9411798	T	rs1176429856
chr42	9411796	9411799	A	rs1331618476
chr42	9411797	9411800	A	rs533358149
chr42	9411797	9411800	C	rs533358149
chr42	9411798	9411801	C	rs1319644327
chr42	9411799	9411802	C	rs1464404979
chr42	9411799	9411806	TTTT	rs1455404489
chr42	9411800	9411803	A	rs1163819481
chr42	9411807	9411810	C	rs540775891
chr42	9411808	9411811	T	rs1175594053
chr42	9411809	9411812	C	rs1366855251
chr42	9411811	9411814	G	rs1190531049
chr42	9411815	9411818	G	rs1389342315
chr42	9411815	9411818	T	rs1389342315
chr42	9411816	9411819	T	rs560778262
chr42	9411817	9411820	T	rs1207248605
chr42	9411819	9411822	C	rs1322673187
chr42	9411820	9411823	A	rs529578709
chr42	9411820	9411823	G	rs529578709
chr42	9411821	9411824	C	rs1228317698
chr42	9411822	9411825	A	rs548229980
chr42	9411825	9411828	C	rs1360061159
chr42	9411825	9411828	G	rs1360061159
chr42	9411826	9411829	A	rs1312295278
chr42	9411826	9411829	C	rs1312295278
chr42	9411829	9411832	G	rs1381868382
chr42	9411831	9411834	A	rs568043879
chr42	9411831	9411834	T	rs568043879
chr42	9411838	9411841	A	rs1428187666
chr42	9411838	9411841	T	rs1428187666
chr42	9411841	9411844	A	rs1333179813
chr42	9411842	9411845	A	rs1222107286
chr42	9411843	9411846	C	rs1263020388
chr42	9411844	9411847	A	rs1330451790
chr42	9411845	9411848	A	rs1164088461
chr42	9411846	9411849	A	rs530667724
chr42	9411850	9411853	A	rs1417306242
chr42	9411851	9411854	A	rs1258433372
chr42	9411852	9411855	G	rs1388409016
chr42	9411853	9411856	G	rs1485296060
chr42	9411854	9411857	A	rs796578089
chr42	9411856	9411859	C	rs550396181
chr42	9411858	9411861	G	rs1479317167
chr42	9411859	9411862	C	rs1186956592
chr42	9411862	9411865	C	rs1479125916
chr42	9411864	9411867	C	rs1247714020
chr42	9411866	9411869	A	rs796235733
chr42	9411866	9411869	T	rs796235733
chr42	9411869	9411872	A	rs796310773
chr42	9411869	9411872	C	rs796310773
chr42	9411869	9411872	T	rs796310773
chr42	9411870	9411873	A	rs1277339381
chr42	9411871	9411874	T	rs1206706096
chr42	9411873	9411876	C	rs1458765535
chr42	9411875	9411878	A	rs1161377855
chr42	9411876	9411879	G	rs570673736
chr42	9411876	9411879	T	rs570673736
chr42	9411877	9411880	C	rs539264033
chr42	9411879	9411882	A	rs867722104
chr42	9411882	9411885	A	rs1212504962
chr42	9411885	9411888	A	rs796918911
chr42	9411888	9411891	A	rs1370040271
chr42	9411890	9411893	T	rs1275228340
chr42	9411894	9411897	G	rs552712618
chr42	9411894	9411897	T	rs552712618
chr42	9411896	9411899	G	rs964209337
chr42	9411902	9411905	G	rs1283056530
chr42	9411905	9411908	A	rs566449449
chr42	9411906	9411909	A	rs1430298611
chr42	9411908	9411911	G	rs1230766194
chr42	9411909	9411912	A	rs535340444
chr42	9411914	9411917	C	rs1166779947
chr42	9411915	9411918	G	rs1315785906
chr42	9411916	9411919	C	rs1426052826
chr42	9411917	9411920	A	rs975544943
chr42	9411917	9411920	T	rs975544943
chr42	9411919	9411922	C	rs555374909
chr42	9411923	9411926	C	rs575539439
chr42	9411926	9411929	T	rs75915460
chr42	9411927	9411930	G	rs1254385423
chr42	9411928	9411931	A	rs867088868
chr42	9411929	9411932	A	rs368844613
chr42	9411930	9411933	G	rs371744194
chr42	9411931	9411934	A	rs1252281137
chr42	9411934	9411937	A	rs1473489338
chr42	9411935	9411938	T	rs1201747411
chr42	9411936	9411939	C	rs1313625136
chr42	9411937	9411940	G	rs1278831892
chr42	9411938	9411941	T	rs1218257031
chr42	9411940	9411943	C	rs1175401339
chr42	9411944	9411947	C	rs781149194
chr42	9411946	9411949	A	rs1407232234
chr42	9411947	9411950	C	rs375024733
chr42	9411953	9411956	G	rs1410415265
chr42	9411954	9411957	C	rs867561214
chr42	9411958	9411961	A	rs1351775150
chr42	9411961	9411964	A	rs1422976612
chr42	9411961	9411964	T	rs1422976612
chr42	9411962	9411965	G	rs544738004
chr42	9411963	9411966	C	rs1302841244
chr42	9411965	9411968	T	rs1371541287
chr42	9411966	9411969	T	rs955624659
chr42	9411967	9411970	C	rs557972256
chr42	9411968	9411971	T	rs1296927754
chr42	9411971	9411974	A	rs1175678898
chr42	9411973	9411976	A	rs578015817
chr42	9411974	9411977	A	rs1228348886
chr42	9411974	9411977	C	rs1228348886
chr42	9411975	9411978	T	rs1414734788
chr42	9411976	9411986	TGTT	rs1160293518
chr42	9411981	9411984	A	rs1472555564
chr42	9411986	9411989	T	rs1250201773
chr42	9411988	9411991	C	rs1174999998
chr42	9411989	9411992	A	rs1483975688
chr42	9411989	9411992	T	rs1483975688
chr42	9411991	9411994	T	rs1314271301
chr42	9411995	9411998	A	rs1459691953
chr42	9411996	9411999	C	rs376015153
chr42	9411999	9412005	AGAAGAA	rs1228708447
chr42	9412000	9412003	T	rs1244785949
chr42	9412001	9412004	G	rs1328429855
chr42	9412002	9412005	T	rs866832650
chr42	9412003	9412006	A	rs1483902288
chr42	9412005	9412008	C	rs1202219095
chr42	9412008	9412011	C	rs1380026976
chr42	9412011	9412014	A	rs908552505
chr42	9412011	9412014	T	rs908552505
chr42	9412013	9412016	C	rs1483544413
chr42	9412017	9412020	A	rs1391023143
chr42	9412028	9412031	G	rs1405976148
chr42	9412029	9412032	T	rs941349912
chr42	9412038	9412041	A	rs1321683528
chr42	9412040	9412043	A	rs1182452618
chr42	9412042	9412045	T	rs1362404817
chr42	9412043	9412046	A	rs1167580944
chr42	9412044	9412047	A	rs1387153851
chr42	9412049	9412052	C	rs1325811999
chr42	9412052	9412055	G	rs1442914428
chr42	9412052	9412055	T	rs1442914428
chr42	9412056	9412059	T	rs1038887462
chr42	9412056	9412062	CT	rs1182376939
chr42	9412057	9412075	TC	rs1163144929
chr42	9412061	9412064	A	rs1249453995
chr42	9412067	9412070	C	rs915981787
chr42	9412070	9412073	A	rs1391060139
chr42	9412070	9412073	T	rs1391060139
chr42	9412073	9412076	G	rs1411964636
chr42	9412074	9412077	T	rs1209141786
chr42	9412075	9412079		rs374249157
chr42	9412076	9412079	A	rs540846814
chr42	9412077	9412080	G	rs1223761348
chr42	9412078	9412081	C	rs947900820
chr42	9412085	9412088	G	rs1044915799
chr42	9412086	9412089	C	rs1312102240
chr42	9412087	9412090	G	rs560641867
chr42	9412088	9412091	G	rs906324066
chr42	9412090	9412093	A	rs1367649993
chr42	9412091	9412094	T	rs1298672941
chr42	9412094	9412097	A	rs1379925945
chr42	9412095	9412098	T	rs1383346117
chr42	9412096	9412099	A	rs1295642623
chr42	9412097	9412100	A	rs146134162
chr42	9412097	9412100	T	rs146134162
chr42	9412098	9412101	A	rs543330773
chr42	9412103	9412106	T	rs368544187
chr42	9412105	9412108	A	rs1212528252
chr42	9412106	9412109	A	rs1442183081
chr42	9412109	9412112	A	rs1272028292
chr42	9412109	9412112	T	rs1272028292
chr42	9412110	9412113	T	rs1312622654
chr42	9412118	9412121	C	rs1212131587
chr42	9412118	9412121	G	rs1212131587
chr42	9412120	9412123	C	rs1192645736
chr42	9412124	9412127	C	rs149437288
chr42	9412124	9412127	G	rs149437288
chr42	9412125	9412128	T	rs1460010782
chr42	9412126	9412129	C	rs1183101900
chr42	9412129	9412132	G	rs1248830338
chr42	9412130	9412133	C	rs1476523011
chr42	9412131	9412134	T	rs1220130567
chr42	9412132	9412135	G	rs1344466183
chr42	9412133	9412136	A	rs1275443227
chr42	9412137	9412140	T	rs1228022172
chr42	9412142	9412145	C	rs1052332889
chr42	9412142	9412146	T	rs1324853422
chr42	9412142	9412155	TTATCT	rs939256375
chr42	9412143	9412146	G	rs1166453898
chr42	9412144	9412147	G	rs1367542136
chr42	9412150	9412153	C	rs1415462086
chr42	9412150	9412155	T	rs1419245947
chr42	9412156	9412159	T	rs1179182962
chr42	9412162	9412165	G	rs892143638
chr42	9412166	9412169	G	rs754817424
chr42	9412168	9412171	T	rs1468786840
chr42	9412169	9412172	A	rs1320655066
chr42	9412171	9412177	TG	rs1371941376
chr42	9412172	9412175	C	rs1168658038
chr42	9412174	9412177	A	rs1461183379
chr42	9412175	9412178	G	rs1370946710
chr42	9412180	9412183	G	rs561709170
chr42	9412181	9412184	C	rs1428210937
chr42	9412184	9412187	A	rs1269285578
chr42	9412185	9412188	T	rs1433609233
chr42	9412190	9412193	T	rs1010553772
chr42	9412191	9412194	A	rs371474372
chr42	9412191	9412194	T	rs371474372
chr42	9412192	9412195	A	rs1252647882
chr42	9412195	9412198	A	rs530422701
chr42	9412195	9412198	G	rs530422701
chr42	9412195	9412198	T	rs530422701
chr42	9412197	9412200	G	rs1322763088
chr42	9412201	9412204	C	rs899589559
chr42	9412201	9412204	G	rs899589559
chr42	9412203	9412206	G	rs550535537
chr42	9412205	9412208	G	rs1448885460
chr42	9412206	9412209	C	rs1191287242
chr42	9412207	9412210	A	rs1351576725
chr42	9412212	9412215	T	rs1241795142
chr42	9412214	9412217	G	rs570467461
chr42	9412214	9412217	T	rs570467461
chr42	9412219	9412222	T	rs1174008341
chr42	9412227	9412230	T	rs1202085530
chr42	9412228	9412231	A	rs1427742229
chr42	9412230	9412233	A	rs1473536254
chr42	9412230	9412239	TG	rs1173918889
chr42	9412231	9412234	A	rs996514865
chr42	9412232	9412235	C	rs1160638142
chr42	9412234	9412237	C	rs1412568340
chr42	9412235	9412238	C	rs1029794897
chr42	9412236	9412239	A	rs1386472350
chr42	9412239	9412242	A	rs1436197436
chr42	9412239	9412242	C	rs1436197436
chr42	9412240	9412243	A	rs533016209
chr42	9412240	9412243	G	rs533016209
chr42	9412245	9412255	ATTA	rs551300911
chr42	9412247	9412250	A	rs1350139860
chr42	9412250	9412253	C	rs1330455055
chr42	9412253	9412256	C	rs1406494148
chr42	9412256	9412259	A	rs1288326176
chr42	9412258	9412261	G	rs546414715
chr42	9412259	9412262	A	rs566313004
chr42	9412259	9412262	C	rs566313004
chr42	9412260	9412263	T	rs1335611146
chr42	9412261	9412264	C	rs1396267327
chr42	9412264	9412267	T	rs535399270
chr42	9412266	9412269	T	rs1290202137
chr42	9412267	9412270	T	rs376679297
chr42	9412268	9412271	C	rs1203513206
chr42	9412269	9412272	A	rs1458571337
chr42	9412270	9412273	T	rs1283781851
chr42	9412273	9412276	A	rs955511360
chr42	9412273	9412276	C	rs955511360
chr42	9412274	9412277	A	rs1225096147
chr42	9412274	9412277	C	rs1225096147
chr42	9412277	9412280	T	rs548862087
chr42	9412278	9412285	TTTT	rs1210801061
chr42	9412278	9412285	TTTTTT	rs1444239193
chr42	9412283	9412286	T	rs1267207798
chr42	9412285	9412288	G	rs1480347305
chr42	9412292	9412295	T	rs1183499585
chr42	9412294	9412297	C	rs569084917
chr42	9412298	9412301	A	rs537863038
chr42	9412298	9412301	C	rs537863038
chr42	9412298	9412302		rs1386556661
chr42	9412299	9412302	T	rs1468119348
chr42	9412300	9412303	C	rs1157504304
chr42	9412303	9412312	TTT	rs1359015021
chr42	9412306	9412309	T	rs1413999360
chr42	9412310	9412313	A	rs1426171704
chr42	9412312	9412315	C	rs1381609737
chr42	9412314	9412317	AA	rs1300984989
chr42	9412314	9412317	G	rs983459982
chr42	9412315	9412318	T	rs1364724237
chr42	9412316	9412319	A	rs1389187450
chr42	9412319	9412322	G	rs1317357367
chr42	9412320	9412323	C	rs1398895221
chr42	9412322	9412325	G	rs376983198
chr42	9412335	9412338		rs1392707225
chr42	9412336	9412339	A	rs1410260555
chr42	9412337	9412340	T	rs190851473
chr42	9412341	9412344	T	rs1424153063
chr42	9412342	9412345	G	rs570236743
chr42	9412343	9412350	CT	rs767121405
chr42	9412344	9412347	A	rs1383428549
chr42	9412345	9412348	A	rs1190825502
chr42	9412348	9412360		rs1450311371
chr42	9412349	9412352		rs1236912927
chr42	9412352	9412355	A	rs868560603
chr42	9412352	9412355		rs1279036847
chr42	9412352	9412355	T	rs868560603
chr42	9412354	9412357	G	rs1453868752
chr42	9412355	9412358	A	rs1289928974
chr42	9412355	9412358	G	rs1289928974
chr42	9412355	9412358	T	rs1289928974
chr42	9412355	9412359		rs1248429833
chr42	9412356	9412359	A	rs1222365498
chr42	9412357	9412359	G	rs555324129
chr42	9412357	9412371	AAAAAAAAAAAAAA	rs555324129
chr42	9412357	9412371	AAAAAAAAAAAAA	rs555324129
chr42	9412357	9412371	AAAAAAAAAAA	rs71218812
chr42	9412358	9412360	T	rs1490278737
chr42	9412363	9412366	C	rs1206352450
chr42	9412364	9412366	T	rs1269383283
chr42	9412364	9412367	G	rs1428334685
chr42	9412365	9412368	G	rs1157658678
chr42	9412367	9412369	T	rs1303731940
chr42	9412368	9412371	C	rs867201095
chr42	9412368	9412376	AC	rs1253223401
chr42	9412369	9412371	AC	rs573681194
chr42	9412369	9412372	A	rs1436596039
chr42	9412369	9412372	CC	rs573681194
chr42	9412370	9412373	C	rs1180381649
chr42	9412370	9412373	G	rs1180381649
chr42	9412373	9412376	A	rs1368536905
chr42	9412374	9412377	T	rs1166542090
chr42	9412375	9412378	A	rs578050168
chr42	9412377	9412380	C	rs1247622827
chr42	9412378	9412381	G	rs1199408783
chr42	9412380	9412383	C	rs1489998146
chr42	9412382	9412385	A	rs1266166201
chr42	9412383	9412386	A	rs534265533
chr42	9412387	9412396	TTGT	rs1307745119
chr42	9412388	9412391	A	rs1161263428
chr42	9412389	9412392	C	rs1212408325
chr42	9412391	9412398	TGT	rs1384273294
chr42	9412393	9412396	C	rs1430126788
chr42	9412394	9412397	T	rs1283669898
chr42	9412396	9412399	A	rs1169452670
chr42	9412397	9412400	T	rs1404273180
chr42	9412399	9412402	C	rs1343496485
chr42	9412400	9412403	G	rs1394161192
chr42	9412407	9412410	G	rs1442963210
chr42	9412411	9412414	A	rs1353992917
chr42	9412413	9412416	G	rs1327147313
chr42	9412414	9412417	G	rs1015830885
chr42	9412415	9412418	G	rs1426379248
chr42	9412416	9412419	G	rs1334814316
chr42	9412416	9412419	T	rs1334814316
chr42	9412417	9412420	A	rs1383581104
chr42	9412418	9412421	A	rs1176083631
chr42	9412420	9412423	A	rs1454685635
chr42	9412420	9412423	C	rs1454685635
chr42	9412421	9412424	T	rs1414781757
chr42	9412422	9412425	G	rs1183742835
chr42	9412425	9412428	C	rs1313139251
chr42	9412429	9412432	A	rs1480700835
chr42	9412429	9412432	T	rs1480700835
chr42	9412430	9412433	A	rs1202076190
chr42	9412431	9412434	G	rs1359021027
chr42	9412433	9412436	A	rs368045229
chr42	9412433	9412436	C	rs368045229
chr42	9412434	9412437	A	rs1253454833
chr42	9412438	9412441	G	rs1443728693
chr42	9412440	9412443	C	rs1195721425
chr42	9412440	9412443	G	rs1195721425
chr42	9412440	9412448	ATA	rs373407518
chr42	9412443	9412446	T	rs1232055760
chr42	9412444	9412452	TAT	rs1257544991
chr42	9412445	9412448	G	rs1222635424
chr42	9412449	9412452	C	rs1321357701
chr42	9412450	9412453	G	rs1224239041
chr42	9412450	9412456	AAAAA	rs1290195500
chr42	9412455	9412458	G	rs1462248034
chr42	9412456	9412459	C	rs1277836560
chr42	9412457	9412460	A	rs1181253775
chr42	9412457	9412460	T	rs1181253775
chr42	9412461	9412464	C	rs1407021634
chr42	9412462	9412465	G	rs1449715822
chr42	9412462	9412468	AAAAA	rs1242093243
chr42	9412464	9412467	T	rs868147830
chr42	9412466	9412469	A	rs1194964279
chr42	9412466	9412469	C	rs1194964279
chr42	9412466	9412469	T	rs1194964279
chr42	9412467	9412470	T	rs1371112324
chr42	9412471	9412474	G	rs963065243
chr42	9412475	9412478	T	rs1401340279
chr42	9412481	9412484	C	rs1173053975
chr42	9412482	9412485	T	rs1408250325
chr42	9412483	9412486	G	rs554442837
chr42	9412484	9412487	G	rs1334802159
chr42	9412488	9412491	G	rs1382225555
chr42	9412489	9412492		rs1334871936
chr42	9412492	9412495	T	rs574278539
chr42	9412493	9412496	A	rs1298073939
chr42	9412493	9412496	T	rs1298073939
chr42	9412493	9412499	GGG	rs1382988610
chr42	9412494	9412497	A	rs1325026837
chr42	9412495	9412498	C	rs543391624
chr42	9412496	9412499	T	rs1227211123
chr42	9412498	9412501	A	rs1264260954
chr42	9412498	9412501	T	rs1264260954
chr42	9412499	9412502	A	rs563044983
chr42	9412500	9412503	C	rs1326313402
chr42	9412501	9412504	A	rs71220884
chr42	9412501	9412504	T	rs71220884
chr42	9412502	9412505	A	rs1314689126
chr42	9412502	9412505	T	rs1314689126
chr42	9412504	9412507	A	rs1367869165
chr42	9412506	9412509	T	rs1261960197
chr42	9412517	9412520	T	rs974091159
chr42	9412518	9412521	G	rs1206500178
chr42	9412521	9412524	T	rs1289756995
chr42	9412522	9412525	C	rs916038358
chr42	9412523	9412526	A	rs1427661031
chr42	9412523	9412526	T	rs1427661031
chr42	9412524	9412527	T	rs71220885
chr42	9412525	9412528	A	rs1431273799
chr42	9412527	9412530	C	rs377223333
chr42	9412529	9412532	A	rs1426065159
chr42	9412530	9412533	C	rs1175706435
chr42	9412539	9412542	C	rs1405425045
chr42	9412544	9412547	A	rs1241558190
chr42	9412544	9412547	T	rs1241558190
chr42	9412546	9412549	G	rs1182666225
chr42	9412549	9412552	T	rs1454418858
chr42	9412550	9412553	C	rs1290822518
chr42	9412553	9412556	A	rs1383120655
chr42	9412555	9412558	G	rs1485520139
chr42	9412556	9412559	A	rs543884866
chr42	9412557	9412560	T	rs1261834748
chr42	9412560	9412563	C	rs564085573
chr42	9412563	9412566	G	rs1258839332
chr42	9412570	9412573	A	rs1284344904
chr42	9412570	9412573	G	rs1284344904
chr42	9412570	9412573	T	rs1284344904
chr42	9412571	9412574	T	rs1347868553
chr42	9412572	9412575	T	rs1244073170
chr42	9412574	9412577	A	rs1222205860
chr42	9412577	9412580	C	rs1283258541
chr42	9412581	9412584	G	rs1344506489
chr42	9412583	9412586	G	rs532916880
chr42	9412585	9412588	A	rs1316950666
chr42	9412590	9412593	C	rs1217345982
chr42	9412591	9412594	T	rs1381963955
chr42	9412595	9412598	C	rs1360290062
chr42	9412596	9412599	G	rs1258531813
chr42	9412597	9412600	T	rs1295847682
chr42	9412598	9412601	C	rs1485348040
chr42	9412598	9412601	T	rs1485348040
chr42	9412600	9412603	A	rs1222863835
chr42	9412601	9412604	A	rs141306699
chr42	9412602	9412605	A	rs145040371
chr42	9412602	9412605	T	rs145040371
chr42	9412605	9412608	A	rs1198575008
chr42	9412606	9412609	G	rs559962037
chr42	9412607	9412610	A	rs1419711771
chr42	9412607	9412610	G	rs1419711771
chr42	9412612	9412615	A	rs1201588414
chr42	9412613	9412616	C	rs948786931
chr42	9412614	9412617	A	rs1161408201
chr42	9412617	9412620	C	rs1268277285
chr42	9412617	9412620	G	rs1268277285
chr42	9412618	9412621	A	rs1362220963
chr42	9412622	9412625	C	rs1252159011
chr42	9412623	9412626	C	rs1453332177
chr42	9412625	9412628	G	rs1304040304
chr42	9412627	9412630	T	rs71220886
chr42	9412631	9412674	CAAACAACTATAAAT	rs1403529503
chr42	9412634	9412637	G	rs1303028389
chr42	9412636	9412639	C	rs529056475
chr42	9412637	9412640	G	rs1224671246
chr42	9412640	9412643	G	rs1374721859
chr42	9412650	9412653	A	rs376249136
chr42	9412655	9412658	T	rs1224909830
chr42	9412656	9412659	T	rs372187574
chr42	9412657	9412660	T	rs548726596
chr42	9412661	9412664	T	rs1402499717
chr42	9412663	9412666	T	rs1246244897
chr42	9412664	9412667	G	rs1298431016
chr42	9412664	9412667	T	rs1298431016
chr42	9412667	9412670	A	rs1371142606
chr42	9412668	9412671	T	rs1293556818
chr42	9412669	9412672	C	rs1356969653
chr42	9412672	9412675	A	rs1221509302
chr42	9412675	9412678	T	rs1480741892
chr42	9412677	9412680	G	rs1428454631
chr42	9412678	9412681	C	rs569073201
chr42	9412679	9412682	A	rs1481585672
chr42	9412679	9412682	C	rs1481585672
chr42	9412682	9412685	A	rs1178961133
chr42	9412687	9412690	G	rs1195508043
chr42	9412688	9412691	T	rs1248506854
chr42	9412689	9412692	C	rs71220887
chr42	9412689	9412692	G	rs71220887
chr42	9412691	9412694	A	rs981492327
chr42	9412698	9412728	ATTGTTCTACA	rs777100043
chr42	9412699	9412702	A	rs1387346559
chr42	9412700	9412703	G	rs1323477611
chr42	9412710	9412713	A	rs1281984463
chr42	9412711	9412714	T	rs1230741628
chr42	9412718	9412721	A	rs1337083651
chr42	9412720	9412725	T	rs1423072484
chr42	9412721	9412724	T	rs1163354214
chr42	9412723	9412726	G	rs1390468818
chr42	9412724	9412727	T	rs538116382
chr42	9412725	9412728	T	rs1355554755
chr42	9412726	9412729	C	rs1444982183
chr42	9412726	9412729	G	rs1444982183
chr42	9412727	9412730	C	rs1405046552
chr42	9412730	9412733	T	rs1174277644
chr42	9412733	9412736	G	rs1297024684
chr42	9412734	9412737	C	rs551512982
chr42	9412735	9412738	A	rs927795874
chr42	9412737	9412740	G	rs1371957187
chr42	9412738	9412741	A	rs149635655
chr42	9412745	9412748	A	rs1452783351
chr42	9412748	9412751	G	rs1316670762
chr42	9412751	9412754	T	rs1356858161
chr42	9412752	9412755	T	rs1244905848
chr42	9412753	9412756	A	rs534333241
chr42	9412753	9412756	T	rs534333241
chr42	9412754	9412757	T	rs1204519289
chr42	9412758	9412761	C	rs554307669
chr42	9412759	9412762	G	rs1309112591
chr42	9412764	9412767	C	rs1261655226
chr42	9412765	9412768	A	rs1202325508
chr42	9412766	9412769	C	rs1207468809
chr42	9412768	9412771	C	rs1250727817
chr42	9412779	9412782	G	rs1457338161
chr42	9412779	9412788	TAT	rs1260835309
chr42	9412780	9412783	G	rs1237647304
chr42	9412781	9412784	A	rs1184310176
chr42	9412782	9412785	A	rs1245133083
chr42	9412784	9412787	G	rs1443015976
chr42	9412787	9412790	T	rs1316767766
chr42	9412795	9412798	C	rs76467615
chr42	9412797	9412800	A	rs866911184
chr42	9412798	9412801	T	rs1420651996
chr42	9412804	9412807	T	rs1412046655
chr42	9412805	9412808	C	rs1168916429
chr42	9412806	9412809	A	rs71218813
chr42	9412806	9412809	T	rs71218813
chr42	9412807	9412810	A	rs370745445
chr42	9412807	9412810	C	rs370745445
chr42	9412807	9412810	T	rs370745445
chr42	9412808	9412811	A	rs1338152370
chr42	9412809	9412812	C	rs1184510360
chr42	9412809	9412812	T	rs1184510360
chr42	9412810	9412813	C	rs1241697797
chr42	9412811	9412814	C	rs1195730193
chr42	9412812	9412815	A	rs1484553637
chr42	9412814	9412817	G	rs1448103427
chr42	9412815	9412818	C	rs1380041150
chr42	9412816	9412819	G	rs939144977
chr42	9412818	9412821	G	rs1270473871
chr42	9412818	9412821	T	rs1270473871
chr42	9412822	9412825	A	rs1363774839
chr42	9412822	9412825	T	rs1363774839
chr42	9412831	9412834	G	rs1293309153
chr42	9412833	9412836	T	rs536849739
chr42	9412834	9412837	G	rs1187161370
chr42	9412835	9412838	C	rs556687069
chr42	9412836	9412839	G	rs1324199445
chr42	9412837	9412840	A	rs1282240407
chr42	9412840	9412843	A	rs1432574311
chr42	9412841	9412844	A	rs576690195
chr42	9412841	9412844	G	rs576690195
chr42	9412841	9412844	T	rs576690195
chr42	9412843	9412846	G	rs1317603451
chr42	9412844	9412847	C	rs1265075739
chr42	9412848	9412851	C	rs1460081712
chr42	9412849	9412852	A	rs1209650674
chr42	9412850	9412853	G	rs1242956663
chr42	9412856	9412859	T	rs1367591544
chr42	9412858	9412861	G	rs1164231723
chr42	9412860	9412863	A	rs1165132545
chr42	9412860	9412863	T	rs1165132545
chr42	9412861	9412864	G	rs1417457362
chr42	9412866	9412869	T	rs374407463
chr42	9412867	9412870	A	rs1185166882
chr42	9412870	9412873	A	rs1423468012
chr42	9412871	9412874	G	rs1475970015
chr42	9412872	9412875	A	rs1481055616
chr42	9412872	9412875	C	rs1481055616
chr42	9412875	9412878	T	rs1179297609
chr42	9412878	9412881	A	rs1403253629
chr42	9412879	9412882	G	rs545665184
chr42	9412879	9412882	T	rs545665184
chr42	9412881	9412886	TTTT	rs1413449005
chr42	9412884	9412887	G	rs71220888
chr42	9412885	9412888	A	rs1346619178
chr42	9412886	9412889	G	rs1428309566
chr42	9412894	9412897	A	rs1269382270
chr42	9412895	9412898	A	rs1345986965
chr42	9412895	9412898	T	rs1345986965
chr42	9412896	9412899	A	rs1225252298
chr42	9412896	9412899	G	rs1225252298
chr42	9412896	9412899	T	rs1225252298
chr42	9412905	9412908	A	rs563964427
chr42	9412907	9412910	C	rs868858776
chr42	9412911	9412914	G	rs1052806428
chr42	9412911	9412914	T	rs1052806428
chr42	9412912	9412915	C	rs577215287
chr42	9412912	9412915	G	rs577215287
chr42	9412914	9412917	C	rs1448971130
chr42	9412914	9412917	G	rs1448971130
chr42	9412915	9412918	T	rs1214014004
chr42	9412916	9412919	G	rs1262920439
chr42	9412920	9412923	C	rs1331209669
chr42	9412921	9412924	C	rs1490633003
chr42	9412923	9412926	T	rs1202204140
chr42	9412925	9412928	A	rs1427850127
chr42	9412925	9412928	T	rs1427850127
chr42	9412929	9412932	C	rs1166453842
chr42	9412931	9412934	T	rs1477379079
chr42	9412932	9412935	T	rs539797137
chr42	9412936	9412939	A	rs1158650269
chr42	9412938	9412941	T	rs1372823155
chr42	9412939	9412942	A	rs1199297993
chr42	9412941	9412944		rs1479845686
chr42	9412942	9412945	C	rs1409615933
chr42	9412943	9412946	A	rs559823138
chr42	9412943	9412946	G	rs559823138
chr42	9412944	9412947	T	rs1297262287
chr42	9412945	9412948	C	rs1365937595
chr42	9412946	9412949	T	rs1196474074
chr42	9412947	9412950	C	rs1325393203
chr42	9412948	9412951	A	rs1406586421
chr42	9412948	9412951	C	rs1406586421
chr42	9412949	9412952	T	rs371154608
chr42	9412950	9412953	T	rs946414107
chr42	9412953	9412956	T	rs1435779147
chr42	9412954	9412957	G	rs1280218836
chr42	9412956	9412959	A	rs1353025516
chr42	9412959	9412962	A	rs1365656565
chr42	9412959	9412962	T	rs1365656565
chr42	9412961	9412964	C	rs1222269935
chr42	9412962	9412965	A	rs1043400815
chr42	9412963	9412966		rs1285641511
chr42	9412964	9412967	A	rs899473311
chr42	9412967	9412970	C	rs1225210962
chr42	9412968	9412971	C	rs1329751716
chr42	9412972	9412975	C	rs528919927
chr42	9412973	9412976	C	rs548928936
chr42	9412975	9412978	G	rs1451538062
chr42	9412976	9412979	A	rs996564142
chr42	9412982	9412985	G	rs865861876
chr42	9412984	9412987	T	rs1176418715
chr42	9412985	9412988	T	rs562681810
chr42	9412986	9412989		rs1422460574
chr42	9412989	9412992	G	rs1234101752
chr42	9412989	9412992	T	rs1234101752
chr42	9412993	9412996	T	rs1468198308
chr42	9412994	9412997	A	rs531542287
chr42	9412994	9412997	C	rs531542287
chr42	9412996	9412999	A	rs1385513836
chr42	9412997	9413000	A	rs1426266205
chr42	9413000	9413003	C	rs1161459746
chr42	9413001	9413004	C	rs1389843863
chr42	9413002	9413005	T	rs1391896357
chr42	9413004	9413007	A	rs1330888300
chr42	9413004	9413007	G	rs1330888300
chr42	9413004	9413007	T	rs1330888300
chr42	9413005	9413008	A	rs1337592085
chr42	9413006	9413009	A	rs551646462
chr42	9413006	9413009	G	rs551646462
chr42	9413007	9413010	G	rs1029342621
chr42	9413009	9413012	C	rs1224358012
chr42	9413010	9413013		rs1177410348
chr42	9413017	9413020	C	rs571600897
chr42	9413018	9413021	C	rs891316042
chr42	9413020	9413023	A	rs1308734062
chr42	9413021	9413024	G	rs1372668612
chr42	9413022	9413025	A	rs1307393895
chr42	9413029	9413032	C	rs1454774944
chr42	9413031	9413034	A	rs1383814750
chr42	9413033	9413036	G	rs1336418014
chr42	9413034	9413037	A	rs1464987122
chr42	9413035	9413038	C	rs1248535383
chr42	9413037	9413040	G	rs1004368795
chr42	9413039	9413048	TTTTTT	rs1347423736
chr42	9413040	9413043	A	rs1264040996
chr42	9413040	9413043	G	rs1264040996
chr42	9413043	9413046	C	rs1400824461
chr42	9413045	9413048	G	rs1016296453
chr42	9413049	9413052	A	rs1379151176
chr42	9413050	9413053	T	rs1156520991
chr42	9413054	9413057	G	rs1446025318
chr42	9413056	9413059	T	rs1356158833
chr42	9413057	9413060	C	rs1243535945
chr42	9413058	9413061	G	rs1196862248
chr42	9413059	9413062	G	rs527690953
chr42	9413063	9413066	G	rs1182712359
chr42	9413066	9413069	A	rs1275769131
chr42	9413068	9413071	T	rs547774276
chr42	9413073	9413076	C	rs1216374959
chr42	9413076	9413079	T	rs1177492303
chr42	9413080	9413083	C	rs962992568
chr42	9413082	9413085	A	rs1243312013
chr42	9413082	9413085	C	rs1243312013
chr42	9413084	9413087	A	rs567780337
chr42	9413090	9413093	T	rs536720634
chr42	9413093	9413096	G	rs1181445754
chr42	9413094	9413097	C	rs556510794
chr42	9413095	9413098	G	rs1367667120
chr42	9413099	9413102		rs1314832309
chr42	9413100	9413103	A	rs1462353451
chr42	9413103	9413106	A	rs1394602224
chr42	9413105	9413108	G	rs748972225
chr42	9413107	9413110	A	rs868133798
chr42	9413107	9413110	T	rs868133798
chr42	9413109	9413112	T	rs974693238
chr42	9413111	9413114	G	rs1430625241
chr42	9413116	9413119	T	rs570219643
chr42	9413117	9413120	C	rs1295731567
chr42	9413119	9413122	A	rs1407007404
chr42	9413119	9413122	T	rs1407007404
chr42	9413121	9413124	G	rs1454769072
chr42	9413123	9413126	A	rs71228526
chr42	9413123	9413126		rs1385414557
chr42	9413124	9413127	A	rs1421881841
chr42	9413126	9413129	C	rs1340216204
chr42	9413128	9413131	G	rs1228651115
chr42	9413132	9413135	A	rs1421390861
chr42	9413134	9413137	C	rs539010268
chr42	9413136	9413139	T	rs1187099290
chr42	9413137	9413140	C	rs1485471577
chr42	9413138	9413141	A	rs1272383939
chr42	9413138	9413141	T	rs1272383939
chr42	9413141	9413144	C	rs1316610501
chr42	9413142	9413145	A	rs1197388909
chr42	9413146	9413149	A	rs1263214327
chr42	9413146	9413149	T	rs1263214327
chr42	9413147	9413150	A	rs559206930
chr42	9413149	9413152	T	rs1309689982
chr42	9413151	9413154	A	rs1462314107
chr42	9413152	9413155	G	rs1296664700
chr42	9413156	9413159	C	rs1022981446
chr42	9413159	9413162	A	rs1201362683
chr42	9413159	9413162	G	rs1201362683
chr42	9413168	9413171	G	rs970019508
chr42	9413176	9413179	T	rs1428856303
chr42	9413180	9413183	A	rs868072770
chr42	9413180	9413183	T	rs868072770
chr42	9413181	9413184	A	rs1371198270
chr42	9413181	9413184	T	rs1371198270
chr42	9413183	9413186	A	rs572361464
chr42	9413183	9413186	C	rs572361464
chr42	9413185	9413188	G	rs539856328
chr42	9413186	9413189	A	rs553325340
chr42	9413192	9413195	T	rs1292657105
chr42	9413196	9413199	G	rs1471019079
chr42	9413197	9413200	C	rs867068494
chr42	9413201	9413204	G	rs1301276316
chr42	9413206	9413209	G	rs1401794124
chr42	9413211	9413214	A	rs1383073428
chr42	9413212	9413215	C	rs1320700397
chr42	9413214	9413217	C	rs1338997324
chr42	9413215	9413218	G	rs1218550922
chr42	9413216	9413219	C	rs1284542306
chr42	9413218	9413221	A	rs867526121
chr42	9413218	9413221	C	rs867526121
chr42	9413219	9413222	A	rs928687105
chr42	9413222	9413225	A	rs1230483572
chr42	9413223	9413226	G	rs573431420
chr42	9413225	9413228	C	rs868554509
chr42	9413226	9413229	A	rs71228527
chr42	9413226	9413229	G	rs71228527
chr42	9413229	9413234	TT	rs1206595094
chr42	9413230	9413233	G	rs375503785
chr42	9413233	9413236	A	rs1487866984
chr42	9413235	9413238	A	rs939211134
chr42	9413241	9413244	A	rs1208299115
chr42	9413244	9413247	T	rs987989399
chr42	9413245	9413248	G	rs1200018696
chr42	9413249	9413252	C	rs1431395060
chr42	9413249	9413252	G	rs1431395060
chr42	9413255	9413258	C	rs1316420700
chr42	9413260	9413263	A	rs1285792500
chr42	9413261	9413264	T	rs1481430682
chr42	9413264	9413267	A	rs1174060739
chr42	9413265	9413268	C	rs1345661719
chr42	9413269	9413272	A	rs369662057
chr42	9413269	9413272	T	rs369662057
chr42	9413271	9413274	A	rs1454501222
chr42	9413273	9413283	TAT	rs1160574641
chr42	9413275	9413278	C	rs1359002895
chr42	9413276	9413279	A	rs1399829025
chr42	9413276	9413279	T	rs1399829025
chr42	9413277	9413280	T	rs913685824
chr42	9413278	9413281	A	rs1375017819
chr42	9413279	9413282	G	rs1347966749
chr42	9413279	9413282		rs1304244409
chr42	9413280	9413283	G	rs1384496583
chr42	9413281	9413284	T	rs1299979413
chr42	9413286	9413289	T	rs1317046868
chr42	9413287	9413290	T	rs759735216
chr42	9413292	9413295	A	rs1397842437
chr42	9413293	9413296	G	rs1178569556
chr42	9413294	9413297	A	rs1240714548
chr42	9413294	9413297	C	rs1240714548
chr42	9413297	9413300	T	rs1283488821
chr42	9413298	9413301	T	rs1470201541
chr42	9413299	9413302	C	rs946662026
chr42	9413300	9413303	C	rs1043594090
chr42	9413306	9413309	A	rs920946157
chr42	9413308	9413311	T	rs932299612
chr42	9413310	9413313	G	rs866329766
chr42	9413312	9413315	A	rs1423136154
chr42	9413315	9413318	A	rs1270885893
chr42	9413317	9413320	T	rs1487467708
chr42	9413318	9413321	A	rs1190611589
chr42	9413319	9413322	G	rs1266748786
chr42	9413319	9413322	T	rs1266748786
chr42	9413320	9413323	T	rs1050828097
chr42	9413324	9413327	A	rs1265373659
chr42	9413325	9413328	G	rs1184216783
chr42	9413325	9413328	T	rs1184216783
chr42	9413327	9413330	C	rs1204882103
chr42	9413329	9413332	T	rs1344845950
chr42	9413331	9413334	C	rs1378738729
chr42	9413335	9413338	A	rs1419433954
chr42	9413335	9413338	T	rs1419433954
chr42	9413336	9413339	C	rs562583677
chr42	9413337	9413340	T	rs1230375758
chr42	9413338	9413341	C	rs1164608577
chr42	9413338	9413344	TT	rs1336993579
chr42	9413342	9413345	A	rs890865227
chr42	9413349	9413352	C	rs1456825715
chr42	9413354	9413357	A	rs1267964351
chr42	9413354	9413357	T	rs1267964351
chr42	9413355	9413358	T	rs1293505493
chr42	9413357	9413360	A	rs1004830302
chr42	9413358	9413361	C	rs1338380152
chr42	9413359	9413362	G	rs1373388228
chr42	9413361	9413364	C	rs1392655498
chr42	9413363	9413366	A	rs371855081
chr42	9413364	9413367	A	rs1170715436
chr42	9413365	9413368	T	rs1375710126
chr42	9413366	9413369	T	rs1364447775
chr42	9413371	9413374	A	rs373200488
chr42	9413373	9413376	T	rs1037206529
chr42	9413374	9413377	G	rs1319768749
chr42	9413375	9413378	G	rs544832712
chr42	9413377	9413380	A	rs759148464
chr42	9413378	9413381	A	rs565189512
chr42	9413378	9413381	G	rs565189512
chr42	9413378	9413381	T	rs565189512
chr42	9413379	9413382	T	rs1180617559
chr42	9413381	9413384	G	rs1352288923
chr42	9413383	9413386	T	rs1236526612
chr42	9413385	9413388	A	rs527552130
chr42	9413386	9413389	T	rs1184497302
chr42	9413387	9413390	C	rs547837955
chr42	9413388	9413391	A	rs1316919331
chr42	9413390	9413393	A	rs1422475691
chr42	9413392	9413395	G	rs1164641121
chr42	9413392	9413395	T	rs1164641121
chr42	9413395	9413398	A	rs1355647495
chr42	9413395	9413398	T	rs1355647495
chr42	9413396	9413399	A	rs1463019033
chr42	9413397	9413400	A	rs567647834
chr42	9413398	9413406	TTTTTTT	rs1328692063
chr42	9413401	9413411	TTT	rs1399002384
chr42	9413402	9413405	C	rs1452898804
chr42	9413406	9413409	A	rs1316775455
chr42	9413408	9413411	C	rs1376662061
chr42	9413411	9413414	C	rs1227565236
chr42	9413413	9413416	C	rs867740567
chr42	9413413	9413416	T	rs867740567
chr42	9413415	9413418	C	rs530172924
chr42	9413417	9413420	G	rs995786821
chr42	9413417	9413420	T	rs995786821
chr42	9413419	9413422	A	rs1196739972
chr42	9413420	9413423	A	rs1256217611
chr42	9413420	9413423	T	rs1256217611
chr42	9413421	9413424	T	rs1293540055
chr42	9413424	9413427	G	rs1457407152
chr42	9413426	9413429	C	rs1023200572
chr42	9413427	9413430	T	rs1239460765
chr42	9413428	9413431	A	rs1229531015
chr42	9413429	9413432	A	rs1482452570
chr42	9413430	9413433	A	rs1181653041
chr42	9413430	9413433	G	rs1181653041
chr42	9413433	9413436	A	rs1420762519
chr42	9413433	9413436	T	rs1420762519
chr42	9413434	9413437	A	rs866262470
chr42	9413434	9413437	C	rs866262470
chr42	9413434	9413437	T	rs866262470
chr42	9413435	9413438	A	rs550242455
chr42	9413435	9413438	C	rs550242455
chr42	9413435	9413438	T	rs550242455
chr42	9413436	9413439	C	rs866764432
chr42	9413443	9413446	G	rs970070489
chr42	9413444	9413447	G	rs1469907257
chr42	9413445	9413448	A	rs1335739933
chr42	9413445	9413448	T	rs1335739933
chr42	9413446	9413449	G	rs1357095779
chr42	9413448	9413451	A	rs1450621597
chr42	9413450	9413453	G	rs1446948470
chr42	9413452	9413455	T	rs1002862614
chr42	9413455	9413458	A	rs1289239099
chr42	9413455	9413458	T	rs1289239099
chr42	9413456	9413459	T	rs1363878961
chr42	9413457	9413460	A	rs1216693639
chr42	9413459	9413462	C	rs1317328700
chr42	9413459	9413462		rs1277530702
chr42	9413461	9413464	T	rs868501710
chr42	9413462	9413465	T	rs1275442178
chr42	9413465	9413468	A	rs570005265
chr42	9413465	9413468	T	rs570005265
chr42	9413467	9413470	G	rs1035815865
chr42	9413467	9413470	T	rs1035815865
chr42	9413469	9413472	G	rs1209761738
chr42	9413470	9413473	C	rs1400020195
chr42	9413472	9413475	A	rs1243041867
chr42	9413472	9413475	T	rs1243041867
chr42	9413473	9413476	T	rs1489504105
chr42	9413474	9413477	T	rs1192091103
chr42	9413476	9413479	T	rs1477506111
chr42	9413477	9413480	A	rs539231947
chr42	9413479	9413482	A	rs1292295896
chr42	9413480	9413483	A	rs1244673842
chr42	9413481	9413484	A	rs558848981
chr42	9413483	9413486	A	rs566053528
chr42	9413483	9413486	T	rs566053528
chr42	9413484	9413487	A	rs1422543331
chr42	9413486	9413489	G	rs1196679799
chr42	9413487	9413490	C	rs1413539129
chr42	9413489	9413492	G	rs1159439930
chr42	9413489	9413492	T	rs1159439930
chr42	9413493	9413496	C	rs1279446597
chr42	9413494	9413497	G	rs1362181294
chr42	9413496	9413499	A	rs1342918473
chr42	9413497	9413500	C	rs534965754
chr42	9413498	9413501	A	rs1297450380
chr42	9413499	9413502	A	rs1346085060
chr42	9413499	9413502	T	rs1346085060
chr42	9413503	9413506	T	rs1405560718
chr42	9413506	9413509	T	rs1447772141
chr42	9413511	9413514	C	rs1276684536
chr42	9413517	9413520	T	rs1343032362
chr42	9413518	9413521	G	rs1218845981
chr42	9413519	9413522	A	rs553385098
chr42	9413522	9413525	A	rs1455087666
chr42	9413527	9413530	T	rs1285270058
chr42	9413528	9413531	A	rs71228528
chr42	9413528	9413531	T	rs71228528
chr42	9413529	9413532	T	rs1413452674
chr42	9413530	9413533	A	rs909009866
chr42	9413534	9413537	T	rs1285864364
chr42	9413535	9413538	C	rs1159999682
chr42	9413538	9413541	A	rs1490658625
chr42	9413539	9413542	A	rs1201736422
chr42	9413542	9413545	G	rs368123989
chr42	9413544	9413547	A	rs866393299
chr42	9413544	9413547	T	rs866393299
chr42	9413544	9413549	GG	rs1244447525
chr42	9413545	9413548	A	rs1177382343
chr42	9413555	9413558	T	rs573292938
chr42	9413558	9413561	G	rs1417568712
chr42	9413560	9413563	A	rs542407099
chr42	9413561	9413564	A	rs879659278
chr42	9413561	9413564	T	rs879659278
chr42	9413563	9413566	A	rs1157830611
chr42	9413563	9413566	G	rs1157830611
chr42	9413564	9413567	A	rs1307567004
chr42	9413565	9413568	C	rs1366035208
chr42	9413567	9413570	A	rs1380315458
chr42	9413567	9413570	T	rs1380315458
chr42	9413568	9413571	T	rs1446444302
chr42	9413570	9413573	A	rs1407003003
chr42	9413571	9413574	G	rs1321562895
chr42	9413573	9413576	C	rs1356945679
chr42	9413573	9413576	T	rs1356945679
chr42	9413575	9413578	A	rs1329387163
chr42	9413577	9413580	A	rs1435891941
chr42	9413578	9413581	T	rs1379350835
chr42	9413579	9413582	A	rs1310203381
chr42	9413579	9413582	T	rs1310203381
chr42	9413580	9413583	A	rs556230435
chr42	9413580	9413583	T	rs556230435
chr42	9413581	9413584	A	rs576015620
chr42	9413581	9413584	T	rs576015620
chr42	9413582	9413585	A	rs80143362
chr42	9413583	9413586	A	rs1487993580
chr42	9413583	9413586	T	rs1487993580
chr42	9413584	9413587	T	rs1360671844
chr42	9413587	9413590	A	rs1212116630
chr42	9413587	9413590	C	rs1212116630
chr42	9413588	9413591	C	rs1288382615
chr42	9413589	9413592	T	rs1450486473
chr42	9413590	9413593	G	rs956151219
chr42	9413591	9413594	A	rs1364636723
chr42	9413592	9413595	T	rs1279362379
chr42	9413593	9413596	A	rs1400123027
chr42	9413593	9413596	C	rs1400123027
chr42	9413594	9413597	T	rs1296020370
chr42	9413595	9413598	T	rs565049796
chr42	9413596	9413599	A	rs1350255051
chr42	9413600	9413603	C	rs989267197
chr42	9413601	9413604	A	rs1163755732
chr42	9413604	9413607	G	rs1422013152
chr42	9413607	9413610	G	rs1425754635
chr42	9413608	9413611	C	rs1239543995
chr42	9413610	9413613	T	rs375633217
chr42	9413611	9413614	A	rs1177686492
chr42	9413611	9413614	T	rs1177686492
chr42	9413616	9413619	G	rs370009502
chr42	9413616	9413619	T	rs370009502
chr42	9413618	9413621	C	rs1473679058
chr42	9413622	9413625	G	rs1161352616
chr42	9413623	9413626	G	rs1389953649
chr42	9413627	9413630	A	rs71228529
chr42	9413627	9413630	T	rs71228529
chr42	9413629	9413632	A	rs1309600446
chr42	9413633	9413636	T	rs1259343597
chr42	9413637	9413640	G	rs1218544519
chr42	9413637	9413640	T	rs1218544519
chr42	9413640	9413643	A	rs1332136172
chr42	9413640	9413643	C	rs1332136172
chr42	9413641	9413644	T	rs1367812542
chr42	9413643	9413646	G	rs527616997
chr42	9413648	9413651	G	rs1444828023
chr42	9413651	9413654	G	rs1308870951
chr42	9413651	9413654	T	rs1308870951
chr42	9413653	9413656	G	rs541322141
chr42	9413655	9413658	A	rs1464984849
chr42	9413656	9413659	A	rs1341400039
chr42	9413656	9413659	T	rs1341400039
chr42	9413664	9413669	TT	rs1247488312
chr42	9413672	9413675	G	rs1266988055
chr42	9413673	9413676	T	rs561311343
chr42	9413675	9413678	A	rs530109092
chr42	9413675	9413678	T	rs530109092
chr42	9413676	9413679	T	rs1356279803
chr42	9413678	9413681	A	rs1239105770
chr42	9413684	9413692	GT	rs1219845440
chr42	9413689	9413692	C	rs1259425834
chr42	9413690	9413693	A	rs1456098016
chr42	9413690	9413693	T	rs1456098016
chr42	9413691	9413694	A	rs1312232397
chr42	9413694	9413697	G	rs1386289518
chr42	9413694	9413697	T	rs1386289518
chr42	9413696	9413699	T	rs1384705129
chr42	9413697	9413700	G	rs1378857398
chr42	9413698	9413701	A	rs375303486
chr42	9413699	9413702	T	rs1445994751
chr42	9413704	9413707	C	rs1243398010
chr42	9413705	9413708	C	rs1398085205
chr42	9413710	9413713	A	rs1443888410
chr42	9413710	9413713	T	rs1443888410
chr42	9413713	9413716	T	rs1157584330
chr42	9413715	9413718	A	rs1185145874
chr42	9413715	9413718	T	rs1185145874
chr42	9413716	9413719	T	rs549864769
chr42	9413717	9413720	C	rs1475691240
chr42	9413717	9413720	G	rs1475691240
chr42	9413720	9413723	C	rs1441700871
chr42	9413724	9413727	G	rs1172810332
chr42	9413728	9413731	G	rs1178357821
chr42	9413733	9413736	A	rs71220527
chr42	9413734	9413737	T	rs1258928140
chr42	9413738	9413741	A	rs1464156272
chr42	9413740	9413743	A	rs1330888785
chr42	9413740	9413743	C	rs1330888785
chr42	9413740	9413743	T	rs1330888785
chr42	9413741	9413744	T	rs1403189045
chr42	9413743	9413746	C	rs1231631775
chr42	9413745	9413748	C	rs1398095436
chr42	9413746	9413749	A	rs1332595892
chr42	9413748	9413751	G	rs1309744166
chr42	9413749	9413752	A	rs1239206520
chr42	9413751	9413771	GAAGCCA	rs1374377136
chr42	9413753	9413756	C	rs1336154622
chr42	9413754	9413757	A	rs1396475653
chr42	9413755	9413758	G	rs1340315922
chr42	9413758	9413761	T	rs1401584914
chr42	9413759	9413762	T	rs913747011
chr42	9413761	9413764	A	rs1219750099
chr42	9413761	9413764	T	rs1219750099
chr42	9413762	9413765	A	rs1280703549
chr42	9413765	9413768	A	rs1438305153
chr42	9413769	9413772	A	rs1370553741
chr42	9413770	9413773	T	rs563820794
chr42	9413772	9413775	C	rs1217515069
chr42	9413772	9413775	T	rs1217515069
chr42	9413774	9413777	C	rs1256152328
chr42	9413777	9413780	A	rs1488973072
chr42	9413779	9413782	T	rs1346697541
chr42	9413780	9413783	A	rs1286367528
chr42	9413783	9413786	T	rs1215425576
chr42	9413785	9413788	T	rs532470885
chr42	9413787	9413790	A	rs1348288621
chr42	9413789	9413792	T	rs1285666236
chr42	9413790	9413793	A	rs552382346
chr42	9413791	9413794	C	rs1339751113
chr42	9413793	9413796	A	rs796096910
chr42	9413794	9413797	G	rs369967732
chr42	9413794	9413797	T	rs369967732
chr42	9413796	9413799	A	rs1447401305
chr42	9413797	9413800	C	rs1195697180
chr42	9413798	9413801	G	rs1418038243
chr42	9413801	9413804	C	rs867216247
chr42	9413801	9413804	T	rs867216247
chr42	9413804	9413807	C	rs565919691
chr42	9413804	9413807	T	rs565919691
chr42	9413805	9413808	T	rs535026321
chr42	9413806	9413809	G	rs1170079966
chr42	9413807	9413810	G	rs1478549237
chr42	9413809	9413814	TT	rs1378340493
chr42	9413814	9413817	A	rs548470213
chr42	9413815	9413818	A	rs867983847
chr42	9413815	9413818	T	rs867983847
chr42	9413816	9413819	A	rs1401915628
chr42	9413818	9413821	A	rs1444878790
chr42	9413818	9413834	GGG	rs1401015739
chr42	9413820	9413823	A	rs1300540706
chr42	9413825	9413828	G	rs1210260290
chr42	9413825	9413828	T	rs1210260290
chr42	9413827	9413830	C	rs1339095167
chr42	9413828	9413831	A	rs868242072
chr42	9413828	9413831	C	rs868242072
chr42	9413828	9413834	GGG	rs1271271723
chr42	9413829	9413832	T	rs1301341883
chr42	9413830	9413833	C	rs968261254
chr42	9413831	9413834	A	rs1332384006
chr42	9413831	9413834	T	rs1332384006
chr42	9413833	9413836	A	rs1230569963
chr42	9413834	9413837	A	rs1255098048
chr42	9413834	9413837	G	rs1255098048
chr42	9413837	9413840	T	rs77603406
chr42	9413838	9413841	A	rs71220528
chr42	9413841	9413844	C	rs1386606222
chr42	9413842	9413845	C	rs1389007967
chr42	9413845	9413848	G	rs1283729845
chr42	9413846	9413849	A	rs1173472322
chr42	9413846	9413849	T	rs1173472322
chr42	9413849	9413852	C	rs1487915236
chr42	9413851	9413854	T	rs1169277723
chr42	9413852	9413855	T	rs1191767119
chr42	9413853	9413856	G	rs1268107801
chr42	9413855	9413858	G	rs1435029718
chr42	9413859	9413862	T	rs1450882639
chr42	9413861	9413864	C	rs369309830
chr42	9413862	9413865	A	rs1377313989
chr42	9413863	9413866	T	rs1318459768
chr42	9413866	9413869		rs199741174
chr42	9413867	9413870	G	rs1212935717
chr42	9413868	9413871	A	rs80219944
chr42	9413868	9413871	C	rs80219944
chr42	9413868	9413871	G	rs80219944
chr42	9413870	9413873	C	rs1359090391
chr42	9413870	9413873	T	rs1359090391
chr42	9413871	9413874	C	rs1419619930
chr42	9413875	9413878	A	rs1448191489
chr42	9413877	9413880	A	rs780345727
chr42	9413878	9413881	A	rs1392179883
chr42	9413878	9413881	C	rs1392179883
chr42	9413884	9413887	G	rs1384603942
chr42	9413884	9413887	T	rs1384603942
chr42	9413886	9413889	T	rs1426650804
chr42	9413890	9413893	A	rs1300088783
chr42	9413892	9413895	A	rs1377204883
chr42	9413895	9413898	A	rs1241947531
chr42	9413898	9413901	G	rs1477455309
chr42	9413899	9413902	G	rs1306805584
chr42	9413901	9413904	T	rs1352769328
chr42	9413904	9413907	A	rs555855380
chr42	9413907	9413910	A	rs376771408
chr42	9413907	9413910	T	rs376771408
chr42	9413908	9413911	G	rs1444211618
chr42	9413909	9413912	A	rs1489482459
chr42	9413910	9413913	C	rs1310568804
chr42	9413911	9413914	T	rs79102215
chr42	9413913	9413916	G	rs1252544678
chr42	9413915	9413918	G	rs1440536975
chr42	9413916	9413919	T	rs1180817911
chr42	9413917	9413920	T	rs576111226
chr42	9413920	9413923	C	rs1376619817
chr42	9413921	9413924	T	rs1378818627
chr42	9413927	9413930	C	rs1439519869
chr42	9413928	9413931	C	rs1166039369
chr42	9413935	9413938	A	rs1278356968
chr42	9413936	9413944	AAAAA	rs1450744857
chr42	9413941	9413944	C	rs1360396558
chr42	9413942	9413945	A	rs1352131547
chr42	9413942	9413945	T	rs1352131547
chr42	9413943	9413946	A	rs71220529
chr42	9413943	9413946	C	rs71220529
chr42	9413943	9413946	G	rs71220529
chr42	9413948	9413951	G	rs1292423230
chr42	9413953	9413956	A	rs538337389
chr42	9413953	9413956	T	rs538337389
chr42	9413954	9413957	A	rs1448494664
chr42	9413955	9413958	A	rs1473713456
chr42	9413956	9413959	T	rs1238146142
chr42	9413957	9413960	C	rs1328933688
chr42	9413963	9413966	C	rs1410612521
chr42	9413964	9413967	C	rs1375814340
chr42	9413968	9413971	C	rs1228703954
chr42	9413972	9413975	C	rs1314697952
chr42	9413973	9413976	C	rs1319867413
chr42	9413975	9413978	T	rs1217604061
chr42	9413976	9413979	T	rs1244046516
chr42	9413979	9413982	C	rs1272619436
chr42	9413979	9413982	G	rs1272619436
chr42	9413980	9413983	C	rs1458302068
chr42	9413983	9413986	T	rs558824633
chr42	9413987	9413990	G	rs1413679300
chr42	9413989	9413992	T	rs377570489
chr42	9413991	9413994	A	rs572264346
chr42	9413993	9413996	T	rs77312274
chr42	9413994	9413997	G	rs71205710
chr42	9413995	9413998	G	rs1416487813
chr42	9414000	9414003	G	rs1422581099
chr42	9414001	9414004	C	rs1325371359
chr42	9414003	9414006	T	rs979339230
chr42	9414007	9414014	AAAA	rs1423697111
chr42	9414010	9414013	T	rs1466752727
chr42	9414011	9414014	T	rs1406856212
chr42	9414012	9414015	G	rs1414495635
chr42	9414013	9414023	AGAGAG	rs1168045573
chr42	9414014	9414017	T	rs1399099448
chr42	9414016	9414019	C	rs1448409816
chr42	9414018	9414021	A	rs574608850
chr42	9414019	9414022	T	rs1304352987
chr42	9414020	9414023	A	rs1474299514
chr42	9414025	9414028	T	rs1265357893
chr42	9414027	9414030	A	rs372515130
chr42	9414027	9414030	G	rs372515130
chr42	9414032	9414035	T	rs543821043
chr42	9414033	9414036	C	rs1278817104
chr42	9414035	9414038	T	rs950389763
chr42	9414039	9414042	C	rs1318634973
chr42	9414039	9414042	G	rs1318634973
chr42	9414042	9414045	G	rs1259358936
chr42	9414044	9414047	C	rs563511354
chr42	9414046	9414049	C	rs532674110
chr42	9414051	9414054	C	rs552243430
chr42	9414052	9414055	A	rs1211173070
chr42	9414053	9414056	C	rs1239548951
chr42	9414053	9414056	T	rs1239548951
chr42	9414057	9414060	G	rs879186141
chr42	9414058	9414061	C	rs1482510714
chr42	9414059	9414062	T	rs559568242
chr42	9414062	9414065	T	rs1187797722
chr42	9414068	9414071	T	rs1264570589
chr42	9414070	9414073	A	rs1478478133
chr42	9414071	9414074	A	rs1167932633
chr42	9414071	9414074	T	rs1167932633
chr42	9414074	9414077		rs1418240736
chr42	9414078	9414081	G	rs1218615440
chr42	9414080	9414083	A	rs1438425664
chr42	9414081	9414083	A	rs1414675906
chr42	9414081	9414084	A	rs67272652
chr42	9414084	9414087	C	rs1164142619
chr42	9414085	9414088	A	rs866018231
chr42	9414085	9414088	C	rs866018231
chr42	9414087	9414090	T	rs867971385
chr42	9414089	9414092	A	rs868628189
chr42	9414090	9414093	A	rs1171414474
chr42	9414092	9414095	C	rs1433887805
chr42	9414093	9414096	G	rs1427972620
chr42	9414098	9414101	T	rs528666768
chr42	9414100	9414103	C	rs1342310508
chr42	9414103	9414106	T	rs548335858
chr42	9414106	9414109	A	rs1276382691
chr42	9414109	9414112	T	rs1361413899
chr42	9414110	9414113	C	rs375760230
chr42	9414113	9414116	A	rs537319038
chr42	9414113	9414116	C	rs537319038
chr42	9414114	9414117	A	rs1310767854
chr42	9414115	9414118	A	rs1210622877
chr42	9414115	9414118	T	rs1210622877
chr42	9414119	9414122	G	rs1218748643
chr42	9414120	9414123	C	rs1287295042
chr42	9414120	9414123	T	rs1287295042
chr42	9414124	9414127	G	rs1489549148
chr42	9414124	9414127	T	rs1489549148
chr42	9414127	9414130	A	rs1192205855
chr42	9414127	9414130	T	rs1192205855
chr42	9414128	9414131	C	rs1324929421
chr42	9414128	9414131	T	rs1324929421
chr42	9414129	9414132	A	rs1240980797
chr42	9414130	9414133	G	rs1478095923
chr42	9414130	9414133	T	rs1478095923
chr42	9414134	9414137	T	rs1192517967
chr42	9414135	9414138	C	rs1422655524
chr42	9414135	9414138	T	rs1422655524
chr42	9414136	9414139	T	rs932350506
chr42	9414137	9414140	C	rs1453498691
chr42	9414138	9414141	T	rs1159014450
chr42	9414139	9414142	A	rs1433943246
chr42	9414141	9414144	C	rs1394875754
chr42	9414143	9414146	G	rs1192203173
chr42	9414145	9414148	A	rs1459342284
chr42	9414146	9414149	A	rs549779433
chr42	9414147	9414150	G	rs1239389003
chr42	9414154	9414157	T	rs1362301843
chr42	9414155	9414158	A	rs1480032815
chr42	9414160	9414163	A	rs1249042239
chr42	9414160	9414163	T	rs1249042239
chr42	9414161	9414164	C	rs1417756676
chr42	9414161	9414164	G	rs1417756676
chr42	9414161	9414164	T	rs1417756676
chr42	9414163	9414166	A	rs1317618072
chr42	9414164	9414167	G	rs1344636876
chr42	9414165	9414168	C	rs1437320503
chr42	9414165	9414168	T	rs1437320503
chr42	9414169	9414172	A	rs1390694787
chr42	9414170	9414173	C	rs71205711
chr42	9414170	9414173	G	rs71205711
chr42	9414171	9414174	A	rs569538096
chr42	9414171	9414174	T	rs569538096
chr42	9414175	9414178	C	rs538784001
chr42	9414178	9414181	G	rs1310441340
chr42	9414183	9414186	C	rs369257491
chr42	9414184	9414187	G	rs1215054229
chr42	9414185	9414188	T	rs1466594932
chr42	9414190	9414193	T	rs1375108861
chr42	9414191	9414194	C	rs77206341
chr42	9414192	9414195	C	rs1441995940
chr42	9414193	9414196	G	rs959322694
chr42	9414196	9414199	T	rs1381243366
chr42	9414200	9414203	T	rs991042274
chr42	9414202	9414205	A	rs1181723169
chr42	9414202	9414205	G	rs1181723169
chr42	9414202	9414205	T	rs1181723169
chr42	9414205	9414208	C	rs1244537492
chr42	9414206	9414209	T	rs558687365
chr42	9414208	9414211	G	rs1178911573
chr42	9414209	9414212	C	rs572129097
chr42	9414210	9414213	A	rs1283419943
chr42	9414211	9414218	AAAA	rs1050717849
chr42	9414213	9414216	G	rs77245964
chr42	9414217	9414220	G	rs1355607094
chr42	9414219	9414226	AAAAAA	rs1286384926
chr42	9414224	9414227	C	rs534826081
chr42	9414224	9414227	T	rs534826081
chr42	9414227	9414230	G	rs1405969307
chr42	9414227	9414233	CT	rs1314731105
chr42	9414228	9414231	A	rs1325593468
chr42	9414235	9414238	C	rs1392459456
chr42	9414235	9414238	G	rs1392459456
chr42	9414236	9414239	A	rs1311303901
chr42	9414236	9414239	C	rs1311303901
chr42	9414238	9414241	G	rs1440404674
chr42	9414240	9414243	A	rs1332354294
chr42	9414240	9414243	G	rs1332354294
chr42	9414242	9414245	C	rs1379512168
chr42	9414243	9414246	T	rs1237370131
chr42	9414244	9414247	G	rs1452052251
chr42	9414244	9414247	T	rs1452052251
chr42	9414246	9414249	A	rs1279413262
chr42	9414246	9414249	C	rs1279413262
chr42	9414247	9414250	C	rs554776382
chr42	9414249	9414252	C	rs1230602415
chr42	9414251	9414254	G	rs912177060
chr42	9414254	9414257	C	rs574704641
chr42	9414255	9414258	C	rs543337552
chr42	9414256	9414259	A	rs563742834
chr42	9414259	9414262	A	rs1198834295
chr42	9414260	9414263	A	rs1239655304
chr42	9414263	9414266	A	rs1456228391
chr42	9414263	9414266	C	rs1456228391
chr42	9414265	9414268	A	rs1180839792
chr42	9414265	9414268	C	rs1180839792
chr42	9414267	9414270	C	rs1233760683
chr42	9414271	9414274	G	rs1334260619
chr42	9414271	9414274	T	rs1334260619
chr42	9414272	9414275	C	rs1237898685
chr42	9414273	9414276	C	rs1473733892
chr42	9414274	9414277	G	rs1161431346
chr42	9414274	9414277	T	rs1161431346
chr42	9414275	9414278	A	rs1415739402
chr42	9414276	9414279	A	rs1380952439
chr42	9414279	9414282	C	rs1461004918
chr42	9414281	9414284	C	rs71238338
chr42	9414283	9414286	G	rs1164360507
chr42	9414285	9414288	G	rs1461321352
chr42	9414289	9414292	A	rs1402733997
chr42	9414292	9414295	T	rs1389968731
chr42	9414294	9414297	A	rs1328601849
chr42	9414295	9414298	C	rs1162228828
chr42	9414298	9414301	A	rs577168094
chr42	9414301	9414304	A	rs1341489978
chr42	9414301	9414304	C	rs1341489978
chr42	9414301	9414304	T	rs1341489978
chr42	9414305	9414308	C	rs1450794452
chr42	9414311	9414314	C	rs1292007461
chr42	9414312	9414315	A	rs1333476503
chr42	9414314	9414317	A	rs867794878
chr42	9414314	9414317	C	rs867794878
chr42	9414315	9414318	A	rs939795493
chr42	9414318	9414321	G	rs1214277299
chr42	9414320	9414323	G	rs1315670620
chr42	9414321	9414324	C	rs545745944
chr42	9414323	9414326	C	rs1271173353
chr42	9414324	9414327	G	rs67802615
chr42	9414324	9414327	T	rs67802615
chr42	9414325	9414328	C	rs1037161417
chr42	9414326	9414329	G	rs1185265220
chr42	9414328	9414331	A	rs1256751046
chr42	9414329	9414332	A	rs867596647
chr42	9414329	9414332	T	rs867596647
chr42	9414331	9414334	G	rs1194492068
chr42	9414333	9414336	G	rs374780241
chr42	9414335	9414338	A	rs1425940562
chr42	9414337	9414340	T	rs1460632976
chr42	9414343	9414346	G	rs1333199978
chr42	9414345	9414348	C	rs1326952133
chr42	9414346	9414351	A	rs1167610286
chr42	9414348	9414352	ATAT	rs772702204
chr42	9414348	9414352		rs377437392
chr42	9414349	9414353		rs1416552516
chr42	9414350	9414354	G	rs1311522728
chr42	9414351	9414354	T	rs559432823
chr42	9414356	9414359	T	rs1401208584
chr42	9414358	9414361	A	rs1279535218
chr42	9414359	9414362	A	rs1324212101
chr42	9414361	9414364	T	rs1226211018
chr42	9414364	9414367	A	rs1256248958
chr42	9414365	9414368	G	rs1166967134
chr42	9414375	9414378	T	rs1284063522
chr42	9414376	9414379	C	rs1474199334
chr42	9414379	9414382	T	rs1379174981
chr42	9414382	9414385	A	rs1346808744
chr42	9414383	9414386	T	rs1194083269
chr42	9414395	9414398	C	rs1208464589
chr42	9414396	9414399	G	rs1279445475
chr42	9414397	9414400	C	rs528532460
chr42	9414399	9414402	C	rs1453543970
chr42	9414401	9414404	T	rs1488567360
chr42	9414402	9414405	G	rs1251137526
chr42	9414405	9414408	T	rs1218760238
chr42	9414406	9414409	A	rs1265403043
chr42	9414406	9414409		rs1200441451
chr42	9414406	9414409	T	rs1265403043
chr42	9414414	9414417	T	rs1438482536
chr42	9414416	9414419	A	rs1426842949
chr42	9414420	9414423	A	rs1194328024
chr42	9414421	9414424	T	rs1347338821
chr42	9414425	9414428	C	rs1192700176
chr42	9414426	9414429	A	rs1378429952
chr42	9414426	9414429	T	rs1378429952
chr42	9414429	9414432	T	rs1479177526
chr42	9414430	9414433	T	rs1443478124
chr42	9414431	9414434	T	rs1172151992
chr42	9414433	9414436	C	rs1375295131
chr42	9414434	9414437	G	rs1420808031
chr42	9414435	9414438	C	rs1300637907
chr42	9414443	9414446	A	rs71238339
chr42	9414443	9414446	T	rs71238339
chr42	9414446	9414449	C	rs542043171
chr42	9414447	9414459	AAACAA	rs374811230
chr42	9414448	9414451	T	rs1301447475
chr42	9414449	9414452	G	rs1332471767
chr42	9414450	9414453	A	rs1231695441
chr42	9414450	9414453	G	rs1231695441
chr42	9414454	9414457	A	rs898683321
chr42	9414454	9414460		rs1302404799
chr42	9414456	9414459	G	rs1180441282
chr42	9414460	9414463	A	rs1354215177
chr42	9414462	9414465	G	rs562122558
chr42	9414464	9414467	A	rs531274722
chr42	9414465	9414468	T	rs1179812062
chr42	9414467	9414470	C	rs1444193966
chr42	9414469	9414472	G	rs550985767
chr42	9414470	9414473	A	rs1438770894
chr42	9414476	9414479	T	rs71238340
chr42	9414481	9414484	A	rs76543314
